time,latitude,longitude,depth,mag,magType,nst,gap,dmin,rms,net,id,updated,place,type,horizontalError,depthError,magError,magNst,status,locationSource,magSource
2020-10-10T21:10:13.518Z,16.5818,-95.9254,53.86,4.1,mb,,153,2.707,0.75,us,us6000c7e7,2020-10-11T18:17:43.491Z,"6 km ESE of Nejapa de Madero, Mexico",earthquake,10.4,17.8,0.124,18,reviewed,us,us
2020-10-10T20:58:37.663Z,-62.3357,-58.154,10,5,mb,,69,0.257,0.61,us,us6000c7e4,2020-10-10T21:14:56.040Z,"South Shetland Islands",earthquake,4.8,1.8,0.092,39,reviewed,us,us
2020-10-10T20:56:34.777Z,-4.442,138.5547,10,4.3,mb,,96,6.472,0.77,us,us6000c7e5,2020-10-10T22:50:21.040Z,"Papua, Indonesia",earthquake,8.7,1.9,0.113,22,reviewed,us,us
2020-10-10T20:22:28.898Z,4.7792,95.7159,96.5,4.5,mb,,128,1.305,0.82,us,us6000c7di,2020-10-10T22:36:07.040Z,"72 km SSW of Sigli, Indonesia",earthquake,7.4,4.1,0.069,61,reviewed,us,us
2020-10-10T20:12:19.004Z,-19.6875,-177.6017,557.84,4.4,mb,,163,4.549,0.91,us,us6000c7dg,2020-10-10T22:19:43.040Z,"297 km WNW of Haveluloto, Tonga",earthquake,15.6,8.4,0.089,36,reviewed,us,us
2020-10-10T17:38:00.874Z,24.6316,93.4817,54.6,5.4,mww,,22,0.846,0.59,us,us6000c7ce,2020-10-14T23:05:44.944Z,"33 km WNW of Moirāng, India",earthquake,6,5.2,0.069,20,reviewed,us,us
2020-10-10T17:19:51.744Z,-15.8034,167.9965,178.1,4.8,mb,,112,0.842,1.22,us,us6000c7cc,2020-10-10T17:37:22.040Z,"70 km ENE of Lakatoro, Vanuatu",earthquake,7.5,5.6,0.066,76,reviewed,us,us
2020-10-10T13:14:57.344Z,-28.5676,-112.3045,10,5.9,mww,,50,2.901,1.02,us,us6000c7b1,2020-10-11T13:18:49.581Z,"Easter Island region",earthquake,10.8,1.8,0.075,17,reviewed,us,us
2020-10-10T11:22:10.452Z,58.5024,-150.7889,45,4.6,ml,,,,0.63,ak,ak020d1vb29a,2020-10-13T06:18:30.947Z,"111 km SSE of Port Graham, Alaska",earthquake,,0.5,,,reviewed,ak,ak
2020-10-10T10:43:04.580Z,-4.6942,102.6566,53.79,4.8,mb,,89,0.445,1.01,us,us6000c7ak,2020-10-10T10:59:41.040Z,"98 km SW of Pagar Alam, Indonesia",earthquake,5.4,6,0.085,43,reviewed,us,us
2020-10-10T09:08:43.197Z,-5.9987,122.5764,10,4.6,mb,,95,2.641,0.76,us,us6000c7a8,2020-10-10T09:28:12.040Z,"118 km S of Katabu, Indonesia",earthquake,7.2,1.9,0.107,26,reviewed,us,us
2020-10-10T07:25:08.780Z,-20.4533,-179.4012,660.76,4.4,mb,,114,3.613,0.86,us,us6000c79r,2020-10-10T07:40:26.040Z,"Fiji region",earthquake,12.6,10.5,0.074,52,reviewed,us,us
2020-10-10T06:48:42.155Z,-33.7301,-72.4601,9.31,4.5,mwr,,175,0.985,0.31,us,us6000c79c,2020-10-10T13:47:47.039Z,"80 km W of San Antonio, Chile",earthquake,5.6,2.1,0.055,32,reviewed,us,us
2020-10-10T06:41:30.444Z,51.9962,-169.7394,38.29,4.8,mb,,183,0.834,0.98,us,us6000c792,2020-10-11T06:07:42.303Z,"120 km SSW of Nikolski, Alaska",earthquake,8.8,7.7,0.097,33,reviewed,us,us
2020-10-10T03:52:51.301Z,-38.7359,175.4369,174.04,4.3,mb,,67,0.506,0.71,us,us6000c77v,2020-10-10T04:09:14.040Z,"42 km NW of Turangi, New Zealand",earthquake,7.9,7.5,0.138,18,reviewed,us,us
2020-10-10T03:40:45.170Z,-35.252,53.9102,10,5,mww,,76,11.865,0.58,us,us6000c77u,2020-10-10T04:20:16.040Z,"Southwest Indian Ridge",earthquake,10.9,1.9,0.086,13,reviewed,us,us
2020-10-10T00:59:08.879Z,13.6273,-90.1327,62.13,4.3,mb,,150,1.072,0.97,us,us6000c76r,2020-10-10T01:09:46.040Z,"27 km SSW of San Francisco Menéndez, El Salvador",earthquake,5.6,13.5,0.113,22,reviewed,us,us
2020-10-09T21:22:23.097Z,-17.2155,167.4266,10,5.4,mww,,24,1.771,0.71,us,us6000c760,2020-10-11T00:41:27.782Z,"110 km WNW of Port-Vila, Vanuatu",earthquake,5.6,1.7,0.071,19,reviewed,us,us
2020-10-09T19:24:16.868Z,51.2959,-176.1461,27.93,4.3,mwr,,185,0.588,0.92,us,us6000c758,2020-10-14T22:03:33.423Z,"72 km SSE of Adak, Alaska",earthquake,5.2,6.9,0.098,10,reviewed,us,us
2020-10-09T17:46:59.780Z,6.549,126.2107,147.96,4.3,mb,,95,0.813,0.79,us,us6000c74x,2020-10-09T18:32:35.040Z,"12 km NE of Nangan, Philippines",earthquake,9.5,6.9,0.106,28,reviewed,us,us
2020-10-09T17:01:13.604Z,-19.0982,-174.0334,10,4.8,mb,,78,5.593,0.9,us,us6000c74m,2020-10-09T17:19:29.040Z,"49 km S of Neiafu, Tonga",earthquake,4.4,1.9,0.102,34,reviewed,us,us
2020-10-09T15:26:28.647Z,27.8841,56.3344,43.65,4.4,mb,,134,2.929,0.86,us,us6000c74a,2020-10-09T16:51:20.040Z,"77 km N of Bandar Abbas, Iran",earthquake,13,11.1,0.143,14,reviewed,us,us
2020-10-09T13:10:00.364Z,51.037,156.2908,124.51,4.4,mb,,171,2.249,0.4,us,us6000c71c,2020-10-12T12:49:12.040Z,"41 km NNE of Severo-Kuril’sk, Russia",earthquake,12.2,9.3,0.08,45,reviewed,us,us
2020-10-09T08:55:50.734Z,-27.8873,-66.3767,152.19,5,mb,,79,2.662,0.95,us,us6000c701,2020-10-09T09:12:12.040Z,"34 km S of Andalgalá, Argentina",earthquake,9.5,7.5,0.087,42,reviewed,us,us
2020-10-09T06:27:50.655Z,14.921,-91.8755,112.15,4.5,mb,,137,0.431,0.62,us,us6000c6z8,2020-10-09T06:51:10.040Z,"4 km ESE of San Rafael Pie de la Cuesta, Guatemala",earthquake,8.7,5.3,0.095,32,reviewed,us,us
2020-10-09T06:01:59.651Z,-33.3141,-70.8527,79.33,4.2,mb,,52,0.123,0.78,us,us6000c6z1,2020-10-09T15:43:19.817Z,"3 km SE of Lampa, Chile",earthquake,5.6,7.9,0.263,4,reviewed,us,us
2020-10-09T05:57:41.428Z,2.1021,97.7007,60.1,4.5,mb,,91,0.802,0.99,us,us6000c6z4,2020-10-09T06:19:41.040Z,"22 km SSW of Singkil, Indonesia",earthquake,7,8.6,0.156,12,reviewed,us,us
2020-10-09T05:00:53.716Z,-18.0278,-178.4405,633.37,4.3,mb,,114,3.351,0.68,us,us6000c6yk,2020-10-09T05:19:05.040Z,"237 km E of Levuka, Fiji",earthquake,13.6,5.5,0.081,43,reviewed,us,us
2020-10-09T04:22:58.796Z,-17.2186,167.9873,10,4,mb,,203,1.915,1.04,us,us6000c89a,2020-10-15T00:37:07.040Z,"66 km NNW of Port-Vila, Vanuatu",earthquake,10.9,2,0.232,6,reviewed,us,us
2020-10-09T04:14:03.614Z,17.8389,-62.4897,13.69,4.6,mb,,60,0.581,0.39,us,us6000c6ya,2020-10-09T15:32:36.010Z,"58 km NNE of Nicola Town, Saint Kitts and Nevis",earthquake,2,5.1,0.07,60,reviewed,us,us
2020-10-09T04:11:45.317Z,-20.7247,-69.1395,104.28,4.3,mb,,58,0.58,0.9,us,us6000c6y9,2020-10-09T15:05:32.654Z,"119 km ESE of Iquique, Chile",earthquake,5.3,2.9,0.168,10,reviewed,us,us
2020-10-09T02:57:20.641Z,-6.0392,122.5974,11.25,5.2,mww,,44,2.604,0.82,us,us6000c6xe,2020-10-09T03:15:20.040Z,"122 km S of Katabu, Indonesia",earthquake,6.6,4.5,0.083,14,reviewed,us,us
2020-10-09T02:34:59.555Z,-18.1092,-178.1012,559.4,4.2,mb,,123,3.679,1.11,us,us6000c895,2020-10-15T00:11:25.040Z,"273 km E of Levuka, Fiji",earthquake,12.6,6.6,0.103,28,reviewed,us,us
2020-10-09T01:21:24.710Z,17.994,-63.9913,35,4.5,md,18,348,1.8634,0.49,pr,pr2020283000,2020-10-09T12:51:22.911Z,"85 km ENE of Saint Croix, U.S. Virgin Islands",earthquake,8.42,32.229,0.15,10,reviewed,pr,pr
2020-10-08T23:14:35.759Z,-6.2472,146.2885,105.33,5.1,mb,,57,3.253,0.93,us,us6000c6w6,2020-10-09T08:25:33.104Z,"47 km E of Kainantu, Papua New Guinea",earthquake,9,7.1,0.068,69,reviewed,us,us
2020-10-08T19:48:11.649Z,-11.0944,163.3437,10,4.6,mb,,55,3.725,1.16,us,us6000c81j,2020-10-14T16:45:29.040Z,"171 km ESE of Kirakira, Solomon Islands",earthquake,7.8,1.8,0.103,28,reviewed,us,us
2020-10-08T18:24:51.846Z,52.6971,152.6372,519.36,5,mb,,39,3.093,0.87,us,us6000c6um,2020-10-08T21:10:32.040Z,"296 km WNW of Ozernovskiy, Russia",earthquake,8.7,6.3,0.02,773,reviewed,us,us
2020-10-08T18:06:57.734Z,-20.7923,-178.4604,603.36,4.2,mb,,101,4.476,0.5,us,us6000c81g,2020-10-14T16:29:55.040Z,"Fiji region",earthquake,13.8,10.3,0.166,10,reviewed,us,us
2020-10-08T18:05:07.118Z,-18.1937,-178.3616,623.43,4.2,mb,,134,3.441,0.82,us,us6000c6ui,2020-10-08T21:03:14.040Z,"246 km E of Levuka, Fiji",earthquake,17.2,11,0.084,39,reviewed,us,us
2020-10-08T17:54:48.086Z,-6.6758,150.8423,10,4.1,mb,,150,2.631,1.02,us,us6000c81f,2020-10-14T16:19:41.040Z,"146 km SSE of Kimbe, Papua New Guinea",earthquake,7.6,1.9,0.173,9,reviewed,us,us
2020-10-08T16:27:45.179Z,-11.2206,163.2856,20.69,4.9,mb,,48,3.731,0.84,us,us6000c6tx,2020-10-08T16:55:19.040Z,"171 km ESE of Kirakira, Solomon Islands",earthquake,7.2,5.5,0.06,98,reviewed,us,us
2020-10-08T15:58:49.998Z,-5.9004,150.8349,30,5.8,mww,,28,2.152,0.8,us,us6000c6si,2020-10-09T16:45:33.332Z,"86 km ESE of Kimbe, Papua New Guinea",earthquake,5.1,1.8,0.054,33,reviewed,us,us
2020-10-08T15:48:26.909Z,-58.9377,-25.5913,79.34,5.2,mb,,46,7.605,0.88,us,us6000c6sf,2020-10-09T16:28:25.040Z,"South Sandwich Islands region",earthquake,10,4.6,0.068,74,reviewed,us,us
2020-10-08T15:25:09.159Z,-11.2041,163.256,40.64,5,mb,,44,3.698,1.02,us,us6000c6sb,2020-10-08T15:43:51.040Z,"167 km ESE of Kirakira, Solomon Islands",earthquake,8.5,6.9,0.044,176,reviewed,us,us
2020-10-08T14:22:39.520Z,52.7184,-168.2558,36.99,5.7,mww,,169,0.677,1.35,us,us6000c6rg,2020-10-14T14:32:50.110Z,"47 km ESE of Nikolski, Alaska",earthquake,4.9,2.1,0.05,39,reviewed,us,us
2020-10-08T10:42:21.492Z,71.6289,-11.3894,10,5,mb,,59,3.63,0.91,us,us6000c6p1,2020-10-08T21:34:17.040Z,"124 km NW of Olonkinbyen, Svalbard and Jan Mayen",earthquake,7.3,1.9,0.028,395,reviewed,us,us
2020-10-08T10:31:57.007Z,-5.4926,151.9703,58.18,4.9,mb,,126,1.307,0.96,us,us6000c6nz,2020-10-08T11:06:22.040Z,"131 km SSW of Kokopo, Papua New Guinea",earthquake,8.7,6.2,0.055,106,reviewed,us,us
2020-10-08T09:02:20.683Z,-62.31,-58.2603,10,4.9,mb,,99,0.201,0.63,us,us6000c6nn,2020-10-08T09:45:58.040Z,"South Shetland Islands",earthquake,9.8,1.9,0.106,28,reviewed,us,us
2020-10-08T08:42:07.692Z,-11.7596,167.2045,193.44,4.5,mb,,91,3.665,0.53,us,us6000c6nh,2020-10-08T09:09:55.040Z,"191 km SE of Lata, Solomon Islands",earthquake,9.8,6.9,0.106,26,reviewed,us,us
2020-10-08T07:35:32.224Z,-6.114,146.1686,103.49,6.3,mww,,15,3.413,0.89,us,us6000c6mu,2020-10-10T08:04:39.636Z,"38 km ENE of Kainantu, Papua New Guinea",earthquake,7,5.6,0.073,18,reviewed,us,us
2020-10-08T04:28:55.573Z,-32.7069,-71.6363,37.75,4.4,mwr,,144,0.315,0.75,us,us6000c6m9,2020-10-12T05:10:48.344Z,"36 km NNW of Viña del Mar, Chile",earthquake,4.3,7.5,0.065,23,reviewed,us,us
2020-10-08T03:34:31.069Z,29.7593,129.7184,35,4.8,mb,,126,1.855,0.59,us,us6000c6m6,2020-10-12T03:43:36.040Z,"88 km SW of Kurio, Japan",earthquake,3.3,1.9,0.062,80,reviewed,us,us
2020-10-08T03:24:32.282Z,-19.0708,-69.4718,127.46,4.3,mb,,70,0.649,0.45,us,us6000c6m4,2020-10-11T23:56:40.679Z,"109 km SE of Arica, Chile",earthquake,3.6,5.9,0.168,10,reviewed,us,us
2020-10-08T03:18:32.761Z,12.4027,-88.936,35,4.5,mb,,159,1.892,0.93,us,us6000c6ly,2020-10-08T04:00:39.040Z,"106 km SSW of Puerto El Triunfo, El Salvador",earthquake,7.3,2,0.041,173,reviewed,us,us
2020-10-07T23:50:46.427Z,-6.4422,130.1224,105.98,4.8,mb,,70,1.924,0.81,us,us6000c6kw,2020-10-08T00:07:48.040Z,"Banda Sea",earthquake,6.2,7.2,0.087,41,reviewed,us,us
2020-10-07T23:44:57.136Z,41.4866,19.5175,7.77,4.2,mb,,49,0.961,0.83,us,us6000c6kv,2020-10-08T00:02:45.263Z,"15 km NW of Vorë, Albania",earthquake,4.8,7.3,0.216,6,reviewed,us,us
2020-10-07T22:13:05.934Z,41.4789,19.4973,10,4.5,mb,,49,0.966,0.92,us,us6000c6kg,2020-10-07T23:15:43.338Z,"15 km NNW of Shijak, Albania",earthquake,3.9,1.9,0.131,18,reviewed,us,us
2020-10-07T22:08:35.653Z,-18.0035,-177.9698,601.99,4.5,mb,,41,3.677,0.85,us,us6000c6kf,2020-10-07T22:26:53.040Z,"287 km E of Levuka, Fiji",earthquake,12.5,8.7,0.049,121,reviewed,us,us
2020-10-07T19:56:13.236Z,26.5303,126.4818,116.47,4.4,mb,,71,1.63,0.65,us,us6000c7t5,2020-10-14T14:51:51.040Z,"124 km WNW of Naha, Japan",earthquake,9.1,7.5,0.091,35,reviewed,us,us
2020-10-07T18:31:56.868Z,34.2032,24.8642,10,4.2,mb,,177,1.082,1.05,us,us6000c7sy,2020-10-14T14:38:52.040Z,"92 km SSW of Pýrgos, Greece",earthquake,3.8,2,0.216,6,reviewed,us,us
2020-10-07T18:27:28.027Z,0.3473,125.7977,40.18,4.9,mb,,55,1.624,0.91,us,us6000c6ib,2020-10-13T18:48:06.040Z,"144 km SE of Tondano, Indonesia",earthquake,4.2,6.5,0.083,45,reviewed,us,us
2020-10-07T18:24:34.620Z,18.174,-64.1781,10,5.3,ml,30,197,1.671,0.57,pr,pr2020281016,2020-10-13T18:40:50.040Z,"67 km ESE of Cruz Bay, U.S. Virgin Islands",earthquake,4.33,31.61,0.12,11,reviewed,pr,pr
2020-10-07T18:04:18.158Z,23.4204,142.9726,33.3,4.9,mb,,62,13.086,0.93,us,us6000c6ik,2020-10-13T18:52:46.040Z,"Volcano Islands, Japan region",earthquake,6,4.5,0.049,130,reviewed,us,us
2020-10-07T16:30:54.417Z,-10.7518,164.9676,45.3,4.5,mb,,136,5.112,0.47,us,us6000c7t6,2020-10-14T23:00:02.040Z,"90 km W of Lata, Solomon Islands",earthquake,11.2,9.5,0.192,8,reviewed,us,us
2020-10-07T16:18:08.290Z,32.3518,80.5666,10,4.4,mb,,145,6.266,0.84,us,us6000c6hc,2020-10-14T22:48:55.040Z,"220 km NNE of Joshīmath, India",earthquake,9.5,1.9,0.115,22,reviewed,us,us
2020-10-07T15:29:02.519Z,-30.5536,-178.1954,51.56,4.4,mb,,130,1.324,0.59,us,us6000c7sz,2020-10-14T22:38:31.040Z,"Kermadec Islands, New Zealand",earthquake,12.8,8.5,0.162,11,reviewed,us,us
2020-10-07T15:22:15.683Z,8.6939,125.9612,10,4.3,mb,,139,1.657,1.2,us,us6000c7t1,2020-10-14T22:33:03.040Z,"7 km NNW of Los Arcos, Philippines",earthquake,14.5,1.3,0.161,11,reviewed,us,us
2020-10-07T14:14:25.981Z,19.0317,-70.3648,86.48,4.4,mb,,62,0.522,0.63,us,us6000c6fb,2020-10-13T14:36:35.300Z,"6 km SE of Sabana del Puerto, Dominican Republic",earthquake,4.2,5.8,0.101,28,reviewed,us,us
2020-10-07T12:36:28.856Z,-62.3265,-58.3201,11.75,4.7,mb,,75,0.183,0.47,us,us6000c6ep,2020-10-07T12:52:31.040Z,"South Shetland Islands",earthquake,5.8,4,0.113,24,reviewed,us,us
2020-10-07T08:59:30.427Z,61.6435,-151.0481,66.5,4.1,ml,,,,1.04,ak,ak020cwv4p5l,2020-10-09T02:32:51.290Z,"30 km WNW of Susitna, Alaska",earthquake,,0.2,,,reviewed,ak,ak
2020-10-07T07:52:24.376Z,-1.2884,-77.5972,152.36,4.3,mb,,143,8.044,0.58,us,us6000c6d3,2020-10-07T08:43:13.040Z,"40 km SE of Tena, Ecuador",earthquake,15.7,12.5,0.071,56,reviewed,us,us
2020-10-07T06:50:13.081Z,-10.4971,120.9259,51.6,4.9,mb,,75,2.257,1.2,us,us6000c6cn,2020-10-07T07:11:56.040Z,"117 km SE of Waingapu, Indonesia",earthquake,7,6.6,0.096,34,reviewed,us,us
2020-10-07T06:28:23.049Z,-19.267,-173.549,133.19,4.2,mb,,100,3.428,0.82,us,us6000c7sh,2020-10-14T05:49:57.040Z,"82 km SE of Neiafu, Tonga",earthquake,13.1,19,0.215,6,reviewed,us,us
2020-10-07T06:13:57.747Z,-5.9822,130.6131,128.45,4.5,mb,,74,2.1,0.97,us,us6000c6cd,2020-10-07T06:35:37.040Z,"240 km W of Tual, Indonesia",earthquake,6.5,7.6,0.116,22,reviewed,us,us
2020-10-07T05:55:55.923Z,-17.6888,-178.6262,520.92,4.1,mb,,153,3.165,1.07,us,us6000c7sg,2020-10-14T05:33:07.040Z,"Fiji region",earthquake,21,16.6,0.134,15,reviewed,us,us
2020-10-07T05:34:23.054Z,-28.994,-71.1249,52.68,4.7,mwr,,98,0.372,0.77,us,us6000c6bs,2020-10-07T12:12:02.464Z,"58 km SW of Vallenar, Chile",earthquake,5.9,7.1,0.051,37,reviewed,us,us
2020-10-07T05:10:08.309Z,-27.4602,-176.9088,88.75,4.2,mb,,137,1.992,1.16,us,us6000c7sf,2020-10-13T13:54:29.040Z,"Kermadec Islands region",earthquake,12,3.7,0.236,5,reviewed,us,us
2020-10-07T01:34:15.836Z,51.332,-178.3596,48.36,4.9,mb,,139,0.36,1.24,us,us6000c69l,2020-10-07T09:36:44.326Z,"133 km WSW of Adak, Alaska",earthquake,4.2,5.9,0.027,424,reviewed,us,us
2020-10-07T00:35:53.264Z,-11.9101,166.7095,138.83,4.8,mb,,118,3.548,0.67,us,us6000c695,2020-10-14T22:23:12.040Z,"164 km SE of Lata, Solomon Islands",earthquake,11.1,6.3,0.081,47,reviewed,us,us
2020-10-07T00:32:06.980Z,9.6359,126.1821,18.26,4.4,mb,,176,2.618,0.81,us,us6000c7s9,2020-10-14T22:21:04.040Z,"15 km SSE of Union, Philippines",earthquake,13.5,6.5,0.123,19,reviewed,us,us
2020-10-06T23:03:02.920Z,17.9193,-66.8908,6,4.05,md,26,203,0.057,0.15,pr,pr2020280013,2020-10-14T04:28:31.356Z,"6 km SSE of Guánica, Puerto Rico",earthquake,0.51,0.27,0.08,11,reviewed,pr,pr
2020-10-06T23:02:06.949Z,34.3036,137.9258,295.63,4.6,mb,,76,0.429,0.81,us,us6000c68f,2020-10-14T04:26:35.040Z,"42 km SW of Ōyama, Japan",earthquake,7.3,4.3,0.05,118,reviewed,us,us
2020-10-06T22:06:03.895Z,9.7346,126.3234,10,4.4,mb,,131,2.748,0.98,us,us6000c73u,2020-10-14T04:44:55.040Z,"23 km E of Union, Philippines",earthquake,6.2,1.9,0.148,13,reviewed,us,us
2020-10-06T22:02:54.378Z,25.643,94.7776,61.51,4.6,mb,,54,1.472,0.84,us,us6000c688,2020-10-14T04:49:12.993Z,"27 km E of Phek, India",earthquake,3.7,6.3,0.062,78,reviewed,us,us
2020-10-06T21:45:21.823Z,9.9221,126.4609,10,4.4,mb,,129,2.965,1.16,us,us6000c73p,2020-10-14T04:54:18.040Z,"40 km E of Pilar, Philippines",earthquake,11.1,1.9,0.13,17,reviewed,us,us
2020-10-06T21:29:06.790Z,9.7633,126.3368,10,4.6,mb,,126,2.779,1.15,us,us6000c73n,2020-10-14T05:02:41.040Z,"24 km E of Union, Philippines",earthquake,9.9,1.9,0.089,37,reviewed,us,us
2020-10-06T21:25:27.921Z,36.8522,71.6121,110.79,4.1,mb,,102,2.631,0.99,us,us6000c680,2020-10-14T05:04:59.198Z,"14 km N of Ishqoshim, Tajikistan",earthquake,9.7,9.6,0.123,18,reviewed,us,us
2020-10-06T21:18:04.990Z,9.7097,126.3434,10,4.5,mb,,127,2.729,0.93,us,us6000c73t,2020-10-14T04:22:35.040Z,"26 km ESE of Union, Philippines",earthquake,6.6,1.9,0.121,20,reviewed,us,us
2020-10-06T19:42:42.940Z,-24.0085,-67.6865,174.08,4.2,mb,,89,1.144,1.16,us,us6000c67b,2020-10-06T22:05:37.040Z,"132 km SSE of San Pedro de Atacama, Chile",earthquake,8.1,11.1,0.263,4,reviewed,us,us
2020-10-06T19:11:34.362Z,-7.2969,39.7801,10,4.6,mb,,67,5.201,0.41,us,us6000c679,2020-10-06T21:49:17.040Z,"62 km ESE of Vikindu, Tanzania",earthquake,10.5,1.9,0.089,38,reviewed,us,us
2020-10-06T17:21:28.920Z,35.4398,22.3584,46.14,4.4,mb,,182,1.77,1.18,us,us6000c66h,2020-10-06T17:53:58.040Z,"97 km SW of Kýthira, Greece",earthquake,7.4,9.6,0.085,40,reviewed,us,us
2020-10-06T15:33:59.408Z,18.7728,145.4228,60.13,4.3,mb,,122,3.529,0.52,us,us6000c73j,2020-10-14T16:33:18.040Z,"Pagan region, Northern Mariana Islands",earthquake,9.9,10.3,0.188,8,reviewed,us,us
2020-10-06T15:32:12.098Z,27.1658,140.1382,453.71,4.1,mb,,129,5.936,0.65,us,us6000c73e,2020-10-14T16:21:27.040Z,"Bonin Islands, Japan region",earthquake,6.2,8.3,0.074,50,reviewed,us,us
2020-10-06T15:21:11.860Z,3.1268,65.5237,10,4.6,mb,,87,7.912,0.61,us,us6000c73c,2020-10-14T15:33:23.040Z,"Carlsberg Ridge",earthquake,9.2,1.4,0.132,17,reviewed,us,us
2020-10-06T14:31:13.021Z,-35.848,179.3191,70.14,4.1,mb,,184,1.894,0.2,us,us6000c736,2020-10-14T15:06:00.040Z,"off the east coast of the North Island of New Zealand",earthquake,11.5,11.4,0.185,8,reviewed,us,us
2020-10-06T14:29:33.268Z,7.9697,124.4477,156.98,4.2,mb,,101,1.434,0.52,us,us6000c739,2020-10-14T14:58:53.040Z,"16 km NE of Tamparan, Philippines",earthquake,9,10.1,0.167,11,reviewed,us,us
2020-10-06T14:25:59.828Z,-9.537,112.877,35,4,mb,,121,1.646,0.73,us,us6000c737,2020-10-14T14:46:27.040Z,"147 km S of Dampit, Indonesia",earthquake,5.6,1.9,0.15,12,reviewed,us,us
2020-10-06T14:11:47.995Z,-18.9919,-175.5718,203.97,4.1,mb,,88,5.34,0.8,us,us6000c734,2020-10-14T14:31:58.040Z,"157 km NW of Pangai, Tonga",earthquake,9.1,7.2,0.131,16,reviewed,us,us
2020-10-06T14:09:58.869Z,-9.5012,112.6795,35,4.2,mb,,128,1.779,0.76,us,us6000c735,2020-10-14T14:35:38.040Z,"142 km S of Dampit, Indonesia",earthquake,8.3,2,0.136,15,reviewed,us,us
2020-10-06T13:56:42.504Z,-62.3428,-58.2189,10,5.4,mww,,73,0.232,0.83,us,us6000c63r,2020-10-14T13:53:14.134Z,"South Shetland Islands",earthquake,5.6,1.8,0.073,18,reviewed,us,us
2020-10-06T13:52:31.722Z,-9.5762,112.8615,35,4.8,mww,,111,1.683,1.51,us,us6000c63n,2020-10-14T13:45:22.040Z,"151 km S of Dampit, Indonesia",earthquake,7.4,1.9,0.083,14,reviewed,us,us
2020-10-06T13:25:11.106Z,-21.4095,-69.872,45.66,4,mb,,149,0.092,0.42,us,us6000c63f,2020-10-06T15:12:18.979Z,"82 km NNE of Tocopilla, Chile",earthquake,5.2,4.4,0.366,2,reviewed,us,us
2020-10-06T13:22:06.448Z,9.5595,126.6684,40.28,4.8,mb,,115,2.698,0.33,us,us6000c63i,2020-10-14T13:40:59.040Z,"60 km ENE of Cortes, Philippines",earthquake,9.3,6.2,0.085,43,reviewed,us,us
2020-10-06T13:17:39.466Z,-15.3166,-72.2307,114.9,4,mb,,158,3.534,0.68,us,us6000c73h,2020-10-14T13:33:01.040Z,"13 km ESE of Orcopampa, Peru",earthquake,11.4,13.4,0.299,3,reviewed,us,us
2020-10-06T13:17:36.131Z,-0.9306,122.1768,44.23,4.8,mb,,47,0.604,0.66,us,us6000c63c,2020-10-14T13:37:17.040Z,"68 km W of Luwuk, Indonesia",earthquake,5.1,5.8,0.093,38,reviewed,us,us
2020-10-06T10:11:46.475Z,-18.0186,-178.4948,628.77,6,mww,,18,3.298,1.11,us,us6000c617,2020-10-07T15:26:49.040Z,"231 km E of Levuka, Fiji",earthquake,9.6,3.3,0.049,40,reviewed,us,us
2020-10-06T08:47:01.687Z,0.7895,127.2634,101.52,5,mb,,66,0.104,0.81,us,us6000c60p,2020-10-06T09:03:02.040Z,"13 km W of Ternate, Indonesia",earthquake,7.2,5.7,0.12,22,reviewed,us,us
2020-10-06T08:27:49.967Z,12.1893,-87.7093,46.65,4.3,mb,,191,0.84,0.59,us,us6000c60m,2020-10-07T08:03:40.040Z,"66 km WSW of Corinto, Nicaragua",earthquake,8.7,15.4,0.098,29,reviewed,us,us
2020-10-06T08:12:01.809Z,39.7429,73.8726,10,4.5,mb,,149,1.618,1.46,us,us6000c60i,2020-10-07T07:55:06.040Z,"121 km ESE of Nookat, Kyrgyzstan",earthquake,5.7,2,0.204,7,reviewed,us,us
2020-10-06T08:01:16.056Z,-62.3188,-58.2757,10,4.5,mb,,85,0.198,0.65,us,us6000c733,2020-10-13T05:39:55.040Z,"South Shetland Islands",earthquake,6.8,1.9,0.145,14,reviewed,us,us
2020-10-06T06:27:35.055Z,39.405,141.9818,92.77,4.6,mb,,99,1.551,0.54,us,us6000c5zw,2020-10-06T06:53:23.040Z,"7 km SSE of Yamada, Japan",earthquake,6.4,6.6,0.041,177,reviewed,us,us
2020-10-06T06:19:52.474Z,15.9656,-96.2373,35,4,mb,,188,2.738,0.91,us,us6000c5zs,2020-10-06T14:54:06.328Z,"5 km SSW of Santiago Xanica, Mexico",earthquake,9.8,2,0.061,72,reviewed,us,us
2020-10-06T06:13:40.099Z,34.1533,79.0917,10,4.6,mb,,82,7.036,0.69,us,us6000c5zr,2020-10-06T07:30:59.040Z,"139 km E of Leh, India",earthquake,4.7,1.9,0.078,51,reviewed,us,us
2020-10-06T05:54:50.520Z,54.8444,-159.8598,30.42,5.9,mww,,122,0.157,0.87,us,us6000c5zm,2020-10-08T06:03:43.615Z,"68 km SE of Sand Point, Alaska",earthquake,3.5,4.2,0.043,53,reviewed,us,us
2020-10-06T05:16:25.053Z,-32.2684,-71.8269,19.48,4.2,mwr,,133,0.756,0.52,us,us6000c5zh,2020-10-12T12:47:35.040Z,"59 km WNW of La Ligua, Chile",earthquake,2.6,3.9,0.041,56,reviewed,us,us
2020-10-06T05:06:39.573Z,-38.2514,-75.2831,10,4.9,mww,,134,2.241,0.74,us,us6000c5zf,2020-10-09T05:15:09.040Z,"160 km WSW of Lebu, Chile",earthquake,3.4,1.9,0.066,22,reviewed,us,us
2020-10-06T04:24:57.607Z,32.8645,-39.838,10,5.4,mww,,50,19.023,0.7,us,us6000c5ze,2020-10-06T22:36:13.040Z,"northern Mid-Atlantic Ridge",earthquake,9.7,1.8,0.05,38,reviewed,us,us
2020-10-06T04:19:07.125Z,50.7102,-173.1771,20.83,4.1,mb,,167,1.624,0.7,us,us6000c63a,2020-10-06T22:29:53.409Z,"179 km SSE of Atka, Alaska",earthquake,2.8,7.4,0.074,50,reviewed,us,us
2020-10-06T00:16:46.001Z,-3.0712,130.3657,10,4.7,mb,,36,1.886,0.88,us,us6000c5y6,2020-10-10T22:12:59.040Z,"163 km E of Amahai, Indonesia",earthquake,6.2,1.8,0.085,42,reviewed,us,us
2020-10-05T23:43:20.808Z,34.171,79.2064,10,5,mww,,21,7.017,0.62,us,us6000c5y3,2020-10-10T22:18:55.040Z,"149 km E of Leh, India",earthquake,6.9,1.7,0.086,13,reviewed,us,us
2020-10-05T21:54:24.189Z,-35.3324,53.7255,10,4.3,mb,,122,14.69,0.56,us,us6000c72m,2020-10-14T04:16:52.040Z,"Southwest Indian Ridge",earthquake,14.8,1.7,0.168,10,reviewed,us,us
2020-10-05T21:42:19.266Z,-24.0679,-179.8503,509.21,4.4,mb,,98,5.435,0.98,us,us6000c72l,2020-10-14T04:12:37.040Z,"south of the Fiji Islands",earthquake,8.8,6.3,0.108,25,reviewed,us,us
2020-10-05T20:15:03.634Z,-62.2049,-58.2817,10,4.2,mb,,75,0.181,0.81,us,us6000c72p,2020-10-12T18:08:40.040Z,"South Shetland Islands",earthquake,5.2,2,0.199,7,reviewed,us,us
2020-10-05T20:01:13.717Z,-16.8684,-172.0825,10,4.5,mb,,82,2.957,1.86,us,us6000c72j,2020-10-12T17:56:44.040Z,"209 km ESE of Hihifo, Tonga",earthquake,6.7,1.8,0.181,9,reviewed,us,us
2020-10-05T19:04:00.506Z,19.8719,145.3366,131.04,5.3,mww,,51,4.625,0.86,us,us6000c5t3,2020-10-14T19:14:11.050Z,"Maug Islands region, Northern Mariana Islands",earthquake,8.9,4.3,0.061,26,reviewed,us,us
2020-10-05T19:01:27.422Z,-62.2427,-58.249,10,5,mww,,48,0.193,1.28,us,us6000c5t4,2020-10-12T15:37:58.040Z,"South Shetland Islands",earthquake,4.6,1.8,0.098,10,reviewed,us,us
2020-10-05T18:59:13.720Z,14.7001,144.4662,10,4.3,mb,,85,1.171,0.88,us,us6000c72i,2020-10-12T17:44:31.040Z,"127 km WSW of San Jose Village, Northern Mariana Islands",earthquake,6.2,1.9,0.169,10,reviewed,us,us
2020-10-05T18:30:11.578Z,-62.1663,-58.2057,10,4.1,mb,,83,0.225,0.95,us,us6000c72s,2020-10-13T18:31:55.040Z,"South Shetland Islands",earthquake,4.6,2,0.234,5,reviewed,us,us
2020-10-05T18:21:07.224Z,-4.329,100.9942,12.4,4.4,mb,,105,1.956,0.97,us,us6000c72h,2020-10-12T17:34:12.040Z,"152 km WSW of Bengkulu, Indonesia",earthquake,8.5,4.7,0.144,14,reviewed,us,us
2020-10-05T18:16:36.672Z,-23.6517,-179.685,535.95,4.3,mb,,124,6.246,0.72,us,us6000c72g,2020-10-12T17:26:31.040Z,"south of the Fiji Islands",earthquake,12.8,12.2,0.109,24,reviewed,us,us
2020-10-05T17:52:47.315Z,-62.2178,-58.1874,10,4.2,mb,,55,0.223,0.79,us,us6000c72k,2020-10-12T18:02:51.040Z,"South Shetland Islands",earthquake,4,1.9,0.159,11,reviewed,us,us
2020-10-05T16:15:51.814Z,-18.6604,-178.046,528.49,4.2,mb,,95,3.818,0.33,us,us6000c72d,2020-10-13T20:56:30.040Z,"286 km ESE of Levuka, Fiji",earthquake,15.2,15.1,0.175,9,reviewed,us,us
2020-10-05T14:57:51.658Z,39.8812,23.3465,10,4.4,mb,,38,0.695,0.61,us,us6000c72a,2020-10-13T20:45:36.040Z,"19 km SSW of Kassándreia, Greece",earthquake,3.8,1.9,0.134,16,reviewed,us,us
2020-10-05T14:55:10.565Z,39.9709,24.3554,10,4.2,mb,,40,1.438,0.65,us,us6000c72b,2020-10-13T20:17:28.040Z,"33 km SSE of Karyes, Greece",earthquake,4.6,1.9,0.216,6,reviewed,us,us
2020-10-05T14:01:16.485Z,39.4952,141.9169,57.35,4.7,mb,,97,1.448,0.52,us,us6000c5pr,2020-10-13T19:42:15.040Z,"4 km NW of Yamada, Japan",earthquake,8.2,6.5,0.112,24,reviewed,us,us
2020-10-05T13:29:05.669Z,6.7188,127.705,10,4.4,mb,,126,8.333,0.36,us,us6000c729,2020-10-13T19:34:27.040Z,"139 km ESE of Manay, Philippines",earthquake,10.7,1.9,0.134,17,reviewed,us,us
2020-10-05T13:03:34.591Z,-15.6114,167.8046,121.01,5,mb,,55,0.602,0.66,us,us6000c5p7,2020-10-13T18:56:01.040Z,"66 km NE of Norsup, Vanuatu",earthquake,7,4.9,0.07,65,reviewed,us,us
2020-10-05T11:03:15.699Z,-21.8537,169.6045,10,4.7,mb,,97,1.51,0.93,us,us6000c5n9,2020-10-05T11:32:00.040Z,"southeast of the Loyalty Islands",earthquake,6.5,1.9,0.104,28,reviewed,us,us
2020-10-05T10:47:35.822Z,47.8385,-128.6302,10,4.4,mb,,173,2.736,1.06,us,us6000c5n5,2020-10-09T06:47:47.040Z,"248 km SW of Tofino, Canada",earthquake,10,2,0.156,15,reviewed,us,us
2020-10-05T10:38:58.482Z,-8.3101,-74.3924,158.54,4.4,mb,,108,1.767,0.85,us,us6000c5n6,2020-10-09T06:27:10.040Z,"18 km ENE of San Fernando, Peru",earthquake,9,11.2,0.12,20,reviewed,us,us
2020-10-05T09:04:31.235Z,52.2107,158.8914,99.97,4.5,mb,,150,0.827,1.08,us,us6000c5mu,2020-10-05T10:07:47.040Z,"86 km SSE of Vilyuchinsk, Russia",earthquake,9.6,6.6,0.087,39,reviewed,us,us
2020-10-05T08:48:11.676Z,-54.5022,-132.9985,10,5.2,mb,,65,31.222,0.76,us,us6000c5ms,2020-10-05T09:06:51.040Z,"Pacific-Antarctic Ridge",earthquake,6.5,1.9,0.048,144,reviewed,us,us
2020-10-05T07:30:50.634Z,2.3354,124.7296,213.42,4.8,mb,,55,3.059,0.84,us,us6000c5m9,2020-10-05T07:53:36.040Z,"95 km N of Manado, Indonesia",earthquake,7.7,7.1,0.066,71,reviewed,us,us
2020-10-05T07:15:57.520Z,18.4695,-68.9628,101,4.16,md,26,216,0.5831,0.09,pr,pr2020279006,2020-10-05T09:55:49.040Z,"4 km NNE of La Romana, Dominican Republic",earthquake,1.88,0.69,0.19,19,reviewed,pr,pr
2020-10-05T07:12:02.985Z,-21.8618,169.744,10,5.2,mww,,85,1.638,0.62,us,us6000c5m0,2020-10-05T13:44:26.040Z,"195 km E of Tadine, New Caledonia",earthquake,7,1.9,0.098,10,reviewed,us,us
2020-10-05T04:39:19.764Z,-41.2709,-91.585,10,4.5,mb,,150,14.445,0.87,us,us6000c5lj,2020-10-14T04:08:28.040Z,"southeast of Easter Island",earthquake,11.4,1.9,0.121,20,reviewed,us,us
2020-10-05T03:07:47.054Z,-9.6053,119.3752,53.78,5,mww,,79,2.986,1.01,us,us6000c5l3,2020-10-14T04:02:14.040Z,"97 km W of Waingapu, Indonesia",earthquake,6.3,5.1,0.08,15,reviewed,us,us
2020-10-05T02:32:24.532Z,36.3103,140.8244,83.69,4.9,mb,,112,2.122,0.76,us,us6000c5l1,2020-10-14T03:56:09.315Z,"21 km E of Ōarai, Japan",earthquake,7.5,6.6,0.076,54,reviewed,us,us
2020-10-05T01:29:00.904Z,-22.3603,-177.1708,223.75,4.3,mb,,231,6.421,0.61,us,us6000c71n,2020-10-14T03:32:26.040Z,"242 km WSW of Haveluloto, Tonga",earthquake,20.5,9.2,0.086,38,reviewed,us,us
2020-10-05T01:27:07.427Z,37.6282,-31.8175,10,4.9,mb,,112,1.812,0.76,us,us6000c5kz,2020-10-14T03:23:02.040Z,"202 km SSW of Lajes das Flores, Portugal",earthquake,9.3,1.9,0.087,42,reviewed,us,us
2020-10-05T01:10:13.027Z,-19.4348,-174.0621,10,4.9,mb,,80,3.922,1.18,us,us6000c5kq,2020-10-14T00:34:57.079Z,"52 km NE of Pangai, Tonga",earthquake,11.1,1.8,0.094,36,reviewed,us,us
2020-10-05T00:34:35.272Z,-31.3889,-178.8668,62.57,4.7,mb,,86,2.285,0.7,us,us6000c71l,2020-10-10T05:29:35.040Z,"Kermadec Islands region",earthquake,10.6,6.9,0.133,17,reviewed,us,us
2020-10-04T23:20:55.484Z,-20.017,-173.1692,10,4.9,mb,,46,3.197,1.16,us,us6000c5k6,2020-10-10T22:24:52.040Z,"126 km E of Pangai, Tonga",earthquake,8.5,1.7,0.03,359,reviewed,us,us
2020-10-04T23:19:02.780Z,54.2903,-161.3168,10,4.1,mwr,,90,1.479,0.57,us,us6000c5k4,2020-10-14T17:42:11.175Z,"107 km SE of King Cove, Alaska",earthquake,6.6,1.9,0.075,17,reviewed,us,us
2020-10-04T22:33:24.843Z,46.2313,53.3396,10,4,mb,,127,5.383,0.68,us,us6000c5k0,2020-10-05T23:27:17.040Z,"25 km SSW of Karaton, Kazakhstan",earthquake,6.1,2,0.106,24,reviewed,us,us
2020-10-04T21:32:03.444Z,4.1988,-71.386,15.22,4.5,mb,,65,2.995,0.44,us,us6000c5jq,2020-10-05T05:01:13.040Z,"65 km S of Orocué, Colombia",earthquake,8.3,6,0.102,28,reviewed,us,us
2020-10-04T20:21:13.685Z,-5.982,-76.7276,35.01,4.7,mb,,139,4.355,0.56,us,us6000c5j3,2020-10-06T19:13:53.815Z,"27 km ENE of Moyobamba, Peru",earthquake,9.1,7.8,0.048,130,reviewed,us,us
2020-10-04T19:12:15.265Z,10.9775,-61.5217,51.53,4.8,mb,,84,1.155,1.02,us,us6000c5ip,2020-10-06T15:50:08.718Z,"30 km N of Petit Valley, Trinidad and Tobago",earthquake,6.4,6.8,0.034,275,reviewed,us,us
2020-10-04T18:16:53.854Z,13.6078,120.7662,121.85,5.6,mww,,27,3.933,0.82,us,us6000c5i4,2020-10-05T18:20:54.944Z,"12 km WSW of Tingloy, Philippines",earthquake,7.7,3.9,0.038,67,reviewed,us,us
2020-10-04T17:36:57.902Z,-11.5647,166.3081,59.59,4.9,mb,,109,3.956,0.76,us,us6000c5hv,2020-10-04T19:59:15.040Z,"108 km SSE of Lata, Solomon Islands",earthquake,10.6,7.7,0.079,50,reviewed,us,us
2020-10-04T17:13:14.922Z,27.6296,-111.1488,10,4.5,mb,,179,1.018,0.7,us,us6000c5hp,2020-10-05T16:00:04.735Z,"37 km SSW of San Carlos, Mexico",earthquake,5.4,2,0.54,1,reviewed,us,us
2020-10-04T16:00:02.846Z,20.6448,94.4032,78.19,4.3,mb,,166,2.123,1.05,us,us6000c5hh,2020-10-13T18:46:39.040Z,"51 km WSW of Chauk, Myanmar",earthquake,7.7,8.2,0.142,14,reviewed,us,us
2020-10-04T15:52:24.052Z,-1.881,139.1559,23.01,4.2,mb,,67,6.977,0.43,us,us6000c6tb,2020-10-13T18:44:09.040Z,"182 km WNW of Abepura, Indonesia",earthquake,7.4,6.5,0.11,23,reviewed,us,us
2020-10-04T14:28:55.131Z,-5.5408,152.0083,51.78,4.4,mb,,58,1.226,0.77,us,us6000c6tf,2020-10-13T17:05:40.040Z,"135 km SSW of Kokopo, Papua New Guinea",earthquake,4.3,6.7,0.092,34,reviewed,us,us
2020-10-04T14:26:06.504Z,-23.7089,-179.656,537.25,4.4,mb,,126,5.726,0.65,us,us6000c6ta,2020-10-13T16:44:57.040Z,"south of the Fiji Islands",earthquake,10.5,9.5,0.126,18,reviewed,us,us
2020-10-04T13:50:53.387Z,2.4958,95.7084,10,4.4,mb,,179,2.209,0.43,us,us6000c6t9,2020-10-13T16:12:12.040Z,"74 km W of Sinabang, Indonesia",earthquake,8.6,1.9,0.144,14,reviewed,us,us
2020-10-04T13:24:31.207Z,-7.8051,128.6593,73.43,4.5,mb,,64,2.62,0.95,us,us6000c6t8,2020-10-13T16:00:45.040Z,"199 km ENE of Lospalos, Timor Leste",earthquake,7.2,7.4,0.205,7,reviewed,us,us
2020-10-04T12:55:13.941Z,-33.6998,-178.8856,10,4.4,mb,,169,4.481,0.26,us,us6000c6t7,2020-10-14T12:08:26.040Z,"south of the Kermadec Islands",earthquake,12.2,2,0.179,9,reviewed,us,us
2020-10-04T11:22:26.138Z,45.5752,142.0683,306.5,4,mb,,110,1.464,0.73,us,us6000c6t5,2020-10-14T12:12:18.040Z,"29 km NE of Makubetsu, Japan",earthquake,10.3,4.3,0.116,20,reviewed,us,us
2020-10-04T09:50:53.324Z,-29.4931,-178.6331,229.57,4.4,mb,,84,0.662,0.49,us,us6000c6t1,2020-10-14T07:38:04.040Z,"Kermadec Islands, New Zealand",earthquake,19.5,7.8,0.143,14,reviewed,us,us
2020-10-04T09:40:49.941Z,-11.8031,166.1573,76.81,4.3,mb,,152,3.762,0.94,us,us6000c6t2,2020-10-14T07:31:47.040Z,"125 km SSE of Lata, Solomon Islands",earthquake,13.6,10.5,0.168,10,reviewed,us,us
2020-10-04T09:35:48.542Z,-11.5993,166.4871,64.75,4.7,mb,,109,3.887,0.84,us,us6000c5eq,2020-10-14T07:23:09.040Z,"122 km SE of Lata, Solomon Islands",earthquake,9.7,6.1,0.118,22,reviewed,us,us
2020-10-04T09:23:24.217Z,-17.6947,-178.757,565.52,4.6,mb,,78,3.041,0.78,us,us6000c5ej,2020-10-14T07:20:02.040Z,"208 km ENE of Levuka, Fiji",earthquake,11.9,8.2,0.069,63,reviewed,us,us
2020-10-04T09:17:28.665Z,49.0695,155.2244,53.22,5.1,mww,,128,4.334,0.79,us,us6000c5ef,2020-10-14T07:18:07.040Z,"190 km SSW of Severo-Kuril’sk, Russia",earthquake,8.9,6.3,0.086,13,reviewed,us,us
2020-10-04T07:11:45.355Z,51.252,-179.268,42.09,4.8,mb,,140,0.907,0.97,us,us6000c5e0,2020-10-14T17:42:09.489Z,"195 km WSW of Adak, Alaska",earthquake,7,6.9,0.026,477,reviewed,us,us
2020-10-04T03:36:21.199Z,17.423,-100.6877,35,4.1,mb,,247,2.029,1.29,us,us6000c5cm,2020-10-04T04:28:29.433Z,"22 km NNW of El Súchil, Mexico",earthquake,7.4,1.9,0.114,21,reviewed,us,us
2020-10-04T03:35:23.787Z,-12.4267,166.4353,96.35,5.1,mww,,36,3.093,1.1,us,us6000c5cl,2020-10-09T21:37:53.073Z,"200 km SSE of Lata, Solomon Islands",earthquake,9.2,5.2,0.069,20,reviewed,us,us
2020-10-04T03:31:13.368Z,14.4491,145.6282,113.36,4.4,mb,,165,0.802,0.58,us,us6000c6tt,2020-10-08T21:17:59.040Z,"57 km S of San Jose Village, Northern Mariana Islands",earthquake,10.5,7.1,0.19,8,reviewed,us,us
2020-10-04T02:51:33.795Z,29.865,130.6298,33.65,4.8,mb,,126,1.646,0.77,us,us6000c5c4,2020-10-04T03:09:15.040Z,"41 km SSE of Koshima, Japan",earthquake,7.7,6.2,0.075,55,reviewed,us,us
2020-10-04T02:36:03.020Z,-14.591,167.3672,149.49,4.4,mb,,119,0.865,0.76,us,us6000c6ss,2020-10-08T21:34:54.040Z,"59 km NNE of Port-Olry, Vanuatu",earthquake,10.1,5.5,0.105,26,reviewed,us,us
2020-10-04T02:18:53.313Z,-15.0935,-172.2832,10,4.8,mb,,72,1.273,1.19,us,us6000c5c2,2020-10-04T02:55:23.040Z,"131 km SSW of Lotofagā, Samoa",earthquake,8.6,1.9,0.139,16,reviewed,us,us
